combination_number,generation,sharpe_ratio
1,1,0.15907145523747862
1,2,0.16432941283437555
1,3,0.16920077157530244
1,4,0.1731556773218628
1,5,0.1839291968148252
1,6,0.1839291968148252
1,7,0.1839291968148252
1,8,0.1839291968148252
1,9,0.19080453215085763
1,10,0.19080453215085763
1,11,0.19080453215085763
1,12,0.20153423557444744
1,13,0.20153423557444744
1,14,0.20153423557444744
1,15,0.20153423557444744
1,16,0.20153423557444744
1,17,0.20153423557444744
1,18,0.20364969191316346
1,19,0.20364969191316346
1,20,0.20364969191316346
1,21,0.20364969191316346
1,22,0.20364969191316346
1,23,0.20670183913114468
1,24,0.20670183913114468
1,25,0.20670183913114468
1,26,0.20670183913114468
1,27,0.20670183913114468
1,28,0.20670183913114468
1,29,0.20670183913114468
1,30,0.20670183913114468
1,31,0.21263257376555866
1,32,0.21314102578477828
1,33,0.21314102578477828
1,34,0.21314102578477828
1,35,0.21314102578477828
1,36,0.21314102578477828
1,37,0.21314102578477828
1,38,0.21314102578477828
1,39,0.21314102578477828
1,40,0.21314102578477828
1,41,0.21314102578477828
1,42,0.21314102578477828
1,43,0.21314102578477828
1,44,0.21314102578477828
1,45,0.21314102578477828
1,46,0.21314102578477828
1,47,0.21314102578477828
1,48,0.21314102578477828
1,49,0.2141898803255137
1,50,0.2141898803255137
2,1,0.14158399709542893
2,2,0.15352143725297707
2,3,0.15352143725297707
2,4,0.16290419614396262
2,5,0.16290419614396262
2,6,0.17604818937031452
2,7,0.17604818937031452
2,8,0.17604818937031452
2,9,0.1800513481448161
2,10,0.18114293843638082
2,11,0.1904741482560927
2,12,0.1904741482560927
2,13,0.1904741482560927
2,14,0.1904741482560927
2,15,0.19178970238424276
2,16,0.19178970238424276
2,17,0.19178970238424276
2,18,0.19178970238424276
2,19,0.19807103696187134
2,20,0.19807103696187134
2,21,0.19807103696187134
2,22,0.19807103696187134
2,23,0.20071471617713194
2,24,0.20071471617713194
2,25,0.20398750520990433
2,26,0.20398750520990433
2,27,0.20398750520990433
2,28,0.20398750520990433
2,29,0.20398750520990433
2,30,0.20784454080628537
2,31,0.20784454080628537
2,32,0.20784454080628537
2,33,0.20784454080628537
2,34,0.20784454080628537
2,35,0.20825534687873426
2,36,0.20825534687873426
2,37,0.20825534687873426
2,38,0.2083359806378832
2,39,0.2083359806378832
2,40,0.2083359806378832
2,41,0.2083359806378832
2,42,0.2083359806378832
2,43,0.20906934620371498
2,44,0.20906934620371498
2,45,0.213283991643399
2,46,0.213283991643399
2,47,0.213283991643399
2,48,0.213283991643399
2,49,0.213283991643399
2,50,0.213283991643399
2,51,0.213283991643399
2,52,0.213283991643399
2,53,0.213283991643399
2,54,0.213283991643399
2,55,0.213283991643399
2,56,0.213283991643399
2,57,0.213283991643399
2,58,0.213283991643399
2,59,0.213283991643399
2,60,0.213283991643399
2,61,0.213283991643399
2,62,0.213283991643399
2,63,0.213283991643399
2,64,0.213283991643399
2,65,0.213283991643399
2,66,0.213283991643399
2,67,0.213283991643399
2,68,0.213283991643399
2,69,0.213283991643399
2,70,0.213283991643399
2,71,0.213283991643399
2,72,0.213283991643399
2,73,0.213283991643399
2,74,0.21345004030663928
2,75,0.21345004030663928
2,76,0.21345004030663928
2,77,0.21345004030663928
2,78,0.21345004030663928
2,79,0.21345004030663928
2,80,0.21345004030663928
2,81,0.21381662264008267
2,82,0.21381662264008267
2,83,0.21381662264008267
2,84,0.21381662264008267
2,85,0.21381662264008267
2,86,0.21381662264008267
2,87,0.21381662264008267
2,88,0.21399255497992226
2,89,0.21399255497992226
2,90,0.21426283219029546
2,91,0.21426283219029546
2,92,0.21426283219029546
2,93,0.21426283219029546
2,94,0.21426283219029546
2,95,0.21426283219029546
2,96,0.21426283219029546
2,97,0.2148053218335452
2,98,0.2148053218335452
2,99,0.2148053218335452
2,100,0.2148053218335452
3,1,0.1288051299357373
3,2,0.14775155504561044
3,3,0.14775155504561044
3,4,0.15549094719712572
3,5,0.16573104079804993
3,6,0.17038735702031102
3,7,0.19614444243636214
3,8,0.19614444243636214
3,9,0.19614444243636214
3,10,0.19614444243636214
3,11,0.19614444243636214
3,12,0.19614444243636214
3,13,0.19614444243636214
3,14,0.19886066107945244
3,15,0.2046785554818149
3,16,0.2046785554818149
3,17,0.2046785554818149
3,18,0.2046785554818149
3,19,0.2046785554818149
3,20,0.2046785554818149
3,21,0.20644452030730975
3,22,0.20644452030730975
3,23,0.20644452030730975
3,24,0.20644452030730975
3,25,0.20644452030730975
3,26,0.20644452030730975
3,27,0.20644452030730975
3,28,0.20644452030730975
3,29,0.20644452030730975
3,30,0.20644452030730975
3,31,0.20657842465245693
3,32,0.20657842465245693
3,33,0.20845238146457507
3,34,0.20845238146457507
3,35,0.20845238146457507
3,36,0.20845238146457507
3,37,0.20845238146457507
3,38,0.20845238146457507
3,39,0.20845238146457507
3,40,0.20845238146457507
3,41,0.20845238146457507
3,42,0.20845238146457507
3,43,0.20845238146457507
3,44,0.20845238146457507
3,45,0.20845238146457507
3,46,0.20845238146457507
3,47,0.20845238146457507
3,48,0.20845238146457507
3,49,0.20845238146457507
3,50,0.20845238146457507
3,51,0.20845238146457507
3,52,0.20845238146457507
3,53,0.21072436521723087
3,54,0.21072436521723087
3,55,0.21072436521723087
3,56,0.21072436521723087
3,57,0.21072436521723087
3,58,0.21072436521723087
3,59,0.21072436521723087
3,60,0.21072436521723087
3,61,0.21072436521723087
3,62,0.21072436521723087
3,63,0.21072436521723087
3,64,0.21072436521723087
3,65,0.21133166087901678
3,66,0.21133166087901678
3,67,0.21133166087901678
3,68,0.21133166087901678
3,69,0.21133166087901678
3,70,0.21133166087901678
3,71,0.21133166087901678
3,72,0.21133166087901678
3,73,0.21150816702636843
3,74,0.21150816702636843
3,75,0.21150816702636843
3,76,0.21150816702636843
3,77,0.21150816702636843
3,78,0.21150816702636843
3,79,0.21150816702636843
3,80,0.21150816702636843
3,81,0.21150816702636843
3,82,0.21150816702636843
3,83,0.21150816702636843
3,84,0.21150816702636843
3,85,0.21150816702636843
3,86,0.21263198266118313
3,87,0.21263198266118313
3,88,0.21263198266118313
3,89,0.21263198266118313
3,90,0.2130684265775126
3,91,0.2130684265775126
3,92,0.2130684265775126
3,93,0.2130684265775126
3,94,0.2130684265775126
3,95,0.21314902645157927
3,96,0.21369606544703698
3,97,0.21369606544703698
3,98,0.2160337020755323
3,99,0.2160337020755323
3,100,0.2160337020755323
3,101,0.2166200475233509
3,102,0.2166200475233509
3,103,0.2166200475233509
3,104,0.2166200475233509
3,105,0.2166200475233509
3,106,0.2166200475233509
3,107,0.2166200475233509
3,108,0.2166200475233509
3,109,0.2166200475233509
3,110,0.2166200475233509
3,111,0.2166200475233509
3,112,0.21761772951248007
3,113,0.21761772951248007
3,114,0.21761772951248007
3,115,0.21761772951248007
3,116,0.21761772951248007
3,117,0.21807833498002224
3,118,0.21807833498002224
3,119,0.21831604831942122
3,120,0.21831604831942122
3,121,0.21831604831942122
3,122,0.21831604831942122
3,123,0.21864283355302933
3,124,0.22096917812766656
3,125,0.22096917812766656
3,126,0.22096917812766656
3,127,0.22096917812766656
3,128,0.22096917812766656
3,129,0.22096917812766656
3,130,0.22096917812766656
3,131,0.22265863951337517
3,132,0.22265863951337517
3,133,0.22291747987679
3,134,0.22291747987679
3,135,0.22348101722913968
3,136,0.22373574153020578
3,137,0.2237573846589773
3,138,0.22389654992746036
3,139,0.22505254529604526
3,140,0.22505254529604526
3,141,0.22505254529604526
3,142,0.22505254529604526
3,143,0.22509148251401712
3,144,0.22520109813605457
3,145,0.2258690670634119
3,146,0.2258690670634119
3,147,0.22699077592342867
3,148,0.22699077592342867
3,149,0.228714055611749
3,150,0.2316151831203427
3,151,0.2324627183632037
3,152,0.23277301557156604
3,153,0.23300065708775566
3,154,0.23502179716999866
3,155,0.2363250983299917
3,156,0.2385049489591449
3,157,0.2385049489591449
3,158,0.23991145217258011
3,159,0.23991145217258011
3,160,0.24143965395998734
3,161,0.24285454305878082
3,162,0.24285454305878082
3,163,0.24312020725839448
3,164,0.24312020725839448
3,165,0.2432364404647865
3,166,0.2432364404647865
3,167,0.24510294810161284
3,168,0.24510294810161284
3,169,0.24561540226133816
3,170,0.2458489308007708
3,171,0.2458489308007708
3,172,0.2458489308007708
3,173,0.2464103057442701
3,174,0.24717131981204993
3,175,0.24717131981204993
3,176,0.24717131981204993
3,177,0.24728918255345309
3,178,0.24728918255345309
3,179,0.24730452619392831
3,180,0.24730452619392831
3,181,0.247341290095423
3,182,0.247341290095423
3,183,0.24760280511672625
3,184,0.24768797071204499
3,185,0.24768797071204499
3,186,0.24831287195059176
3,187,0.24841014214642174
3,188,0.24841014214642174
3,189,0.24841014214642174
3,190,0.24841014214642174
3,191,0.24841014214642174
3,192,0.24841014214642174
3,193,0.24841014214642174
3,194,0.24850700864962455
3,195,0.24850700864962455
3,196,0.24850700864962455
3,197,0.2487359726715996
3,198,0.2487359726715996
3,199,0.2487359726715996
3,200,0.2487359726715996
4,1,0.15443705557506604
4,2,0.17742473406416037
4,3,0.19236008995339318
4,4,0.21054096997673774
4,5,0.21054096997673774
4,6,0.21511139550856118
4,7,0.2209711035967923
4,8,0.2209711035967923
4,9,0.2209711035967923
4,10,0.2209711035967923
4,11,0.2209711035967923
4,12,0.22289968249573874
4,13,0.2244725143821382
4,14,0.2244725143821382
4,15,0.23037212115099218
4,16,0.23037212115099218
4,17,0.23331808860198802
4,18,0.23332589872789117
4,19,0.23332589872789117
4,20,0.23579945380314243
4,21,0.23579945380314243
4,22,0.23579945380314243
4,23,0.23579945380314243
4,24,0.23646136786535588
4,25,0.2369606888651291
4,26,0.2369606888651291
4,27,0.23717623871984592
4,28,0.2381457540405436
4,29,0.2381457540405436
4,30,0.23906100196190902
4,31,0.23906100196190902
4,32,0.23929823693869434
4,33,0.24119899546774803
4,34,0.24119899546774803
4,35,0.24119899546774803
4,36,0.24119899546774803
4,37,0.24119899546774803
4,38,0.24171905761452747
4,39,0.24171905761452747
4,40,0.24243029051533468
4,41,0.24243029051533468
4,42,0.24374648580643152
4,43,0.24374648580643152
4,44,0.24383857465693443
4,45,0.2441698748912769
4,46,0.2448038623053891
4,47,0.24583604613965881
4,48,0.24583604613965881
4,49,0.24583604613965881
4,50,0.24583604613965881
5,1,0.17134990273055975
5,2,0.17750755038346108
5,3,0.18212002423221055
5,4,0.19545191807381984
5,5,0.21264142218495963
5,6,0.22743410687234034
5,7,0.22743410687234034
5,8,0.22743410687234034
5,9,0.22743410687234034
5,10,0.22926995965007638
5,11,0.22926995965007638
5,12,0.22997040948349645
5,13,0.23070413546095533
5,14,0.23070413546095533
5,15,0.23395121328633858
5,16,0.23395121328633858
5,17,0.23395121328633858
5,18,0.23881313641841137
5,19,0.23881313641841137
5,20,0.24234176159894852
5,21,0.24234176159894852
5,22,0.24234176159894852
5,23,0.24234176159894852
5,24,0.24234176159894852
5,25,0.24234176159894852
5,26,0.24234176159894852
5,27,0.24234176159894852
5,28,0.24234176159894852
5,29,0.24234176159894852
5,30,0.24274932363400215
5,31,0.24274932363400215
5,32,0.2441995009879258
5,33,0.2455006563505957
5,34,0.2455006563505957
5,35,0.24590789088262704
5,36,0.24590789088262704
5,37,0.24590789088262704
5,38,0.24590789088262704
5,39,0.24590789088262704
5,40,0.24624062716892528
5,41,0.24624062716892528
5,42,0.24624062716892528
5,43,0.24703104101558304
5,44,0.24703104101558304
5,45,0.24703104101558304
5,46,0.24703104101558304
5,47,0.24703104101558304
5,48,0.24703104101558304
5,49,0.24734223008339318
5,50,0.24734223008339318
5,51,0.24734223008339318
5,52,0.24734223008339318
5,53,0.24749643153166556
5,54,0.24749643153166556
5,55,0.24761793568516285
5,56,0.24782273732498206
5,57,0.24796628235171575
5,58,0.24796628235171575
5,59,0.24796628235171575
5,60,0.24796628235171575
5,61,0.24818775771502302
5,62,0.24818775771502302
5,63,0.24818775771502302
5,64,0.24818775771502302
5,65,0.24822081634792054
5,66,0.24823685697571507
5,67,0.24823685697571507
5,68,0.24823685697571507
5,69,0.24827657003376857
5,70,0.24830406153803145
5,71,0.24849598568895243
5,72,0.24849598568895243
5,73,0.24849598568895243
5,74,0.24849598568895243
5,75,0.24849598568895243
5,76,0.24851706378082342
5,77,0.2485177112691065
5,78,0.2485177112691065
5,79,0.24854344666071188
5,80,0.24856489957963923
5,81,0.24859129089729512
5,82,0.24861923043289705
5,83,0.24861923043289705
5,84,0.24861923043289705
5,85,0.2486349482702945
5,86,0.2486349482702945
5,87,0.2486349482702945
5,88,0.2486349482702945
5,89,0.2486349482702945
5,90,0.2486349482702945
5,91,0.2486349482702945
5,92,0.24864708265098287
5,93,0.24864708265098287
5,94,0.24864708265098287
5,95,0.24864708265098287
5,96,0.24864708265098287
5,97,0.24864708265098287
5,98,0.24865623694692904
5,99,0.24865739672063253
5,100,0.24865823205239168
6,1,0.1710790867056841
6,2,0.17511367693456334
6,3,0.19660812161369218
6,4,0.19660812161369218
6,5,0.20295577921832436
6,6,0.20295577921832436
6,7,0.20295577921832436
6,8,0.20295577921832436
6,9,0.20295577921832436
6,10,0.20364504707425776
6,11,0.20364504707425776
6,12,0.20738401593031225
6,13,0.2079447112127337
6,14,0.2079447112127337
6,15,0.2079447112127337
6,16,0.21425599602347364
6,17,0.21425599602347364
6,18,0.21425599602347364
6,19,0.22543343570207502
6,20,0.22543343570207502
6,21,0.22543343570207502
6,22,0.22681110439458896
6,23,0.22681110439458896
6,24,0.22681110439458896
6,25,0.22681110439458896
6,26,0.22772017550727364
6,27,0.22772017550727364
6,28,0.22772017550727364
6,29,0.2279235305287621
6,30,0.2279235305287621
6,31,0.23043521315368498
6,32,0.23043521315368498
6,33,0.23043521315368498
6,34,0.23263068411564414
6,35,0.23263068411564414
6,36,0.23381607140239816
6,37,0.23381607140239816
6,38,0.23381607140239816
6,39,0.23381607140239816
6,40,0.23381607140239816
6,41,0.2360327048629934
6,42,0.2360327048629934
6,43,0.2360327048629934
6,44,0.23817573256227467
6,45,0.24180835622287103
6,46,0.24180835622287103
6,47,0.24180835622287103
6,48,0.24180835622287103
6,49,0.24180835622287103
6,50,0.24180835622287103
6,51,0.24180835622287103
6,52,0.24180835622287103
6,53,0.24180835622287103
6,54,0.24180835622287103
6,55,0.24627612339715213
6,56,0.24627612339715213
6,57,0.24627612339715213
6,58,0.24627612339715213
6,59,0.24627612339715213
6,60,0.24627612339715213
6,61,0.24627612339715213
6,62,0.24627612339715213
6,63,0.24627612339715213
6,64,0.24627612339715213
6,65,0.24651364615818247
6,66,0.24681968240456648
6,67,0.24695539872065125
6,68,0.24695539872065125
6,69,0.24731831232402238
6,70,0.24731831232402238
6,71,0.24741524495749992
6,72,0.24797284579591436
6,73,0.24797284579591436
6,74,0.24797284579591436
6,75,0.24797284579591436
6,76,0.24797284579591436
6,77,0.24797284579591436
6,78,0.24797284579591436
6,79,0.24797284579591436
6,80,0.24797284579591436
6,81,0.24797284579591436
6,82,0.24797284579591436
6,83,0.24797284579591436
6,84,0.24797284579591436
6,85,0.24797284579591436
6,86,0.24797284579591436
6,87,0.24797284579591436
6,88,0.24797284579591436
6,89,0.24812474686858416
6,90,0.24812474686858416
6,91,0.24812474686858416
6,92,0.24812474686858416
6,93,0.24814877222677661
6,94,0.24814877222677661
6,95,0.24814877222677661
6,96,0.24814877222677661
6,97,0.24814877222677661
6,98,0.24821715974542105
6,99,0.24821715974542105
6,100,0.2483387113891577
6,101,0.2483387113891577
6,102,0.2483387113891577
6,103,0.2483387113891577
6,104,0.24840755369639098
6,105,0.24840755369639098
6,106,0.24840755369639098
6,107,0.24840755369639098
6,108,0.2485745447715969
6,109,0.2485745447715969
6,110,0.2485745447715969
6,111,0.2485745447715969
6,112,0.2485745447715969
6,113,0.2485745447715969
6,114,0.2485745447715969
6,115,0.2485745447715969
6,116,0.2485745447715969
6,117,0.2485745447715969
6,118,0.2485745447715969
6,119,0.24867361320341502
6,120,0.2491230141673894
6,121,0.2491230141673894
6,122,0.2491230141673894
6,123,0.2491230141673894
6,124,0.2491230141673894
6,125,0.2491230141673894
6,126,0.2491230141673894
6,127,0.2491230141673894
6,128,0.2491230141673894
6,129,0.2491230141673894
6,130,0.24915528640479007
6,131,0.24915528640479007
6,132,0.24915528640479007
6,133,0.24915528640479007
6,134,0.24915528640479007
6,135,0.24915528640479007
6,136,0.24915528640479007
6,137,0.24915528640479007
6,138,0.24915528640479007
6,139,0.24915528640479007
6,140,0.24915528640479007
6,141,0.24915528640479007
6,142,0.24915528640479007
6,143,0.24915528640479007
6,144,0.24915528640479007
6,145,0.24915528640479007
6,146,0.24915528640479007
6,147,0.24915528640479007
6,148,0.24915528640479007
6,149,0.24915528640479007
6,150,0.24915528640479007
6,151,0.24915528640479007
6,152,0.24915528640479007
6,153,0.24915528640479007
6,154,0.24915528640479007
6,155,0.24915528640479007
6,156,0.24915528640479007
6,157,0.24915528640479007
6,158,0.24915528640479007
6,159,0.24915528640479007
6,160,0.24915528640479007
6,161,0.24915528640479007
6,162,0.24915528640479007
6,163,0.24915528640479007
6,164,0.24915528640479007
6,165,0.24915528640479007
6,166,0.24915528640479007
6,167,0.24915528640479007
6,168,0.24915528640479007
6,169,0.24915528640479007
6,170,0.24915528640479007
6,171,0.24915528640479007
6,172,0.24915528640479007
6,173,0.24915528640479007
6,174,0.24915528640479007
6,175,0.24915528640479007
6,176,0.24915528640479007
6,177,0.24915528640479007
6,178,0.24915528640479007
6,179,0.24915528640479007
6,180,0.24915528640479007
6,181,0.24916981036037691
6,182,0.24916981036037691
6,183,0.24916981036037691
6,184,0.24916981036037691
6,185,0.24916981036037691
6,186,0.24916981036037691
6,187,0.24916981036037691
6,188,0.24916981036037691
6,189,0.24916981036037691
6,190,0.24916981036037691
6,191,0.24916981036037691
6,192,0.24916981036037691
6,193,0.24916981036037691
6,194,0.24916981036037691
6,195,0.24916981036037691
6,196,0.24916981036037691
6,197,0.24916981036037691
6,198,0.24916981036037691
6,199,0.24916981036037691
6,200,0.24916981036037691
7,1,0.17757564917002652
7,2,0.19194172523742187
7,3,0.1931600425678057
7,4,0.1931600425678057
7,5,0.19897494276102695
7,6,0.20180760079440566
7,7,0.20603311783579112
7,8,0.21040045350982875
7,9,0.21040045350982875
7,10,0.21040045350982875
7,11,0.21988930267642062
7,12,0.21988930267642062
7,13,0.21988930267642062
7,14,0.22584013752641605
7,15,0.22684462631996485
7,16,0.22684462631996485
7,17,0.22684462631996485
7,18,0.22684462631996485
7,19,0.22684462631996485
7,20,0.23338934162263963
7,21,0.23338934162263963
7,22,0.23338934162263963
7,23,0.23338934162263963
7,24,0.23338934162263963
7,25,0.23338934162263963
7,26,0.23338934162263963
7,27,0.23338934162263963
7,28,0.23338934162263963
7,29,0.23338934162263963
7,30,0.23338934162263963
7,31,0.23338934162263963
7,32,0.23338934162263963
7,33,0.23338934162263963
7,34,0.23338934162263963
7,35,0.23338934162263963
7,36,0.23338934162263963
7,37,0.23338934162263963
7,38,0.23338934162263963
7,39,0.23643045669224372
7,40,0.23643045669224372
7,41,0.23643045669224372
7,42,0.23643045669224372
7,43,0.23643045669224372
7,44,0.23643045669224372
7,45,0.23643045669224372
7,46,0.23711927347979325
7,47,0.2412217556094849
7,48,0.2412217556094849
7,49,0.24173025935884873
7,50,0.24256524508754268
8,1,0.1935872154234868
8,2,0.1935872154234868
8,3,0.1935872154234868
8,4,0.20734888676456423
8,5,0.20734888676456423
8,6,0.21026812928008726
8,7,0.21650098921643066
8,8,0.21737081854483317
8,9,0.21737081854483317
8,10,0.21805886031791033
8,11,0.21805886031791033
8,12,0.22323508570650913
8,13,0.2246491466018808
8,14,0.2246491466018808
8,15,0.22700746157329654
8,16,0.22881128574169243
8,17,0.23460343123210803
8,18,0.23460343123210803
8,19,0.23460343123210803
8,20,0.23460343123210803
8,21,0.23460343123210803
8,22,0.2347497417406216
8,23,0.2347497417406216
8,24,0.2356992190666119
8,25,0.2356992190666119
8,26,0.23582213228626495
8,27,0.23582213228626495
8,28,0.23582213228626495
8,29,0.2365069664139089
8,30,0.2386200328768618
8,31,0.2386200328768618
8,32,0.2386200328768618
8,33,0.2386200328768618
8,34,0.23944078848262698
8,35,0.24062074445392634
8,36,0.2412235214264535
8,37,0.2412235214264535
8,38,0.24250771386177628
8,39,0.24250771386177628
8,40,0.24271331611309488
8,41,0.24428939018395326
8,42,0.2461545834292945
8,43,0.24670264834858574
8,44,0.2467535673673691
8,45,0.24783810714203852
8,46,0.24783810714203852
8,47,0.24783810714203852
8,48,0.24783810714203852
8,49,0.24783810714203852
8,50,0.24783810714203852
8,51,0.24783810714203852
8,52,0.24810134588405278
8,53,0.24810134588405278
8,54,0.2481395460405125
8,55,0.24821800047829948
8,56,0.24828601412225884
8,57,0.24828601412225884
8,58,0.2484097151531198
8,59,0.2484097151531198
8,60,0.2484097151531198
8,61,0.2484927059548082
8,62,0.24854557455737114
8,63,0.24854557455737114
8,64,0.24854557455737114
8,65,0.24874878324485997
8,66,0.24874878324485997
8,67,0.24874878324485997
8,68,0.24874878324485997
8,69,0.2488983118948393
8,70,0.2488983118948393
8,71,0.2488983118948393
8,72,0.2488983118948393
8,73,0.249008928380809
8,74,0.249008928380809
8,75,0.249008928380809
8,76,0.249008928380809
8,77,0.24901146170086155
8,78,0.24901146170086155
8,79,0.24901146170086155
8,80,0.24901146170086155
8,81,0.24901146170086155
8,82,0.24901146170086155
8,83,0.24903827376033205
8,84,0.24903827376033205
8,85,0.24903827376033205
8,86,0.24903827376033205
8,87,0.24910253571684587
8,88,0.24910253571684587
8,89,0.2491060953239255
8,90,0.2491060953239255
8,91,0.24911713675746702
8,92,0.24911713675746702
8,93,0.24911713675746702
8,94,0.24911713675746702
8,95,0.24911713675746702
8,96,0.24911713675746702
8,97,0.24911713675746702
8,98,0.24911713675746702
8,99,0.24911813375275016
8,100,0.24911813375275016
9,1,0.186413242950793
9,2,0.1912665471473844
9,3,0.1912665471473844
9,4,0.2156472710253123
9,5,0.21724923087481227
9,6,0.22405624047958753
9,7,0.22849578812626037
9,8,0.22849578812626037
9,9,0.22849578812626037
9,10,0.22849578812626037
9,11,0.22849578812626037
9,12,0.2289938950388212
9,13,0.2289938950388212
9,14,0.2289938950388212
9,15,0.2289938950388212
9,16,0.2289938950388212
9,17,0.23404512512883546
9,18,0.23404512512883546
9,19,0.23700691704919694
9,20,0.23700691704919694
9,21,0.23883472458414404
9,22,0.23883472458414404
9,23,0.23883472458414404
9,24,0.23883472458414404
9,25,0.2413336552735057
9,26,0.2453647020912054
9,27,0.2453647020912054
9,28,0.2453647020912054
9,29,0.2453647020912054
9,30,0.2453647020912054
9,31,0.2453647020912054
9,32,0.2453647020912054
9,33,0.2453647020912054
9,34,0.2453647020912054
9,35,0.2453647020912054
9,36,0.2453647020912054
9,37,0.2453647020912054
9,38,0.2453647020912054
9,39,0.2453647020912054
9,40,0.2453647020912054
9,41,0.2453647020912054
9,42,0.2453647020912054
9,43,0.2453647020912054
9,44,0.2453647020912054
9,45,0.2453647020912054
9,46,0.24547900583898832
9,47,0.24547900583898832
9,48,0.24547900583898832
9,49,0.24547900583898832
9,50,0.2457627385619632
9,51,0.2457627385619632
9,52,0.2457627385619632
9,53,0.2457627385619632
9,54,0.2457627385619632
9,55,0.2457627385619632
9,56,0.2457627385619632
9,57,0.2457627385619632
9,58,0.2457627385619632
9,59,0.2457627385619632
9,60,0.2457627385619632
9,61,0.2457627385619632
9,62,0.2457627385619632
9,63,0.2457627385619632
9,64,0.2468551539925472
9,65,0.2468551539925472
9,66,0.2468551539925472
9,67,0.2468551539925472
9,68,0.2468551539925472
9,69,0.2468551539925472
9,70,0.2468551539925472
9,71,0.2468551539925472
9,72,0.2468551539925472
9,73,0.2468551539925472
9,74,0.24745777090149434
9,75,0.24745777090149434
9,76,0.24745777090149434
9,77,0.2484092744144893
9,78,0.2484092744144893
9,79,0.2484092744144893
9,80,0.2484092744144893
9,81,0.2484092744144893
9,82,0.2484092744144893
9,83,0.2484092744144893
9,84,0.2484092744144893
9,85,0.2484092744144893
9,86,0.2484092744144893
9,87,0.2484092744144893
9,88,0.2484092744144893
9,89,0.2484092744144893
9,90,0.2484092744144893
9,91,0.2484092744144893
9,92,0.2484092744144893
9,93,0.2484092744144893
9,94,0.2484092744144893
9,95,0.2484092744144893
9,96,0.2484092744144893
9,97,0.24844392115478087
9,98,0.24844392115478087
9,99,0.24844392115478087
9,100,0.24844392115478087
9,101,0.24844392115478087
9,102,0.24844392115478087
9,103,0.24844392115478087
9,104,0.24844392115478087
9,105,0.24844392115478087
9,106,0.24844392115478087
9,107,0.24844392115478087
9,108,0.24844392115478087
9,109,0.2485316512912478
9,110,0.2485316512912478
9,111,0.2485316512912478
9,112,0.2485316512912478
9,113,0.2487408215695503
9,114,0.2487408215695503
9,115,0.2487408215695503
9,116,0.2487408215695503
9,117,0.2487408215695503
9,118,0.2487408215695503
9,119,0.2487408215695503
9,120,0.24874544293887338
9,121,0.24874544293887338
9,122,0.24874544293887338
9,123,0.24874544293887338
9,124,0.24874544293887338
9,125,0.24874544293887338
9,126,0.24874544293887338
9,127,0.24874544293887338
9,128,0.24874544293887338
9,129,0.24874544293887338
9,130,0.24874544293887338
9,131,0.24884363601343745
9,132,0.24884363601343745
9,133,0.24884363601343745
9,134,0.24884363601343745
9,135,0.24884363601343745
9,136,0.24884606389934472
9,137,0.24884606389934472
9,138,0.24884606389934472
9,139,0.24884606389934472
9,140,0.24884606389934472
9,141,0.24884606389934472
9,142,0.24884606389934472
9,143,0.24884606389934472
9,144,0.24884606389934472
9,145,0.24884606389934472
9,146,0.24888215424622817
9,147,0.24888215424622817
9,148,0.24888215424622817
9,149,0.24888215424622817
9,150,0.24888215424622817
9,151,0.24888215424622817
9,152,0.24892227219232962
9,153,0.24892227219232962
9,154,0.24892227219232962
9,155,0.24892227219232962
9,156,0.24892227219232962
9,157,0.24892227219232962
9,158,0.24892227219232962
9,159,0.24892227219232962
9,160,0.24896207509878884
9,161,0.24896207509878884
9,162,0.24896207509878884
9,163,0.24896207509878884
9,164,0.24896207509878884
9,165,0.24896207509878884
9,166,0.24896207509878884
9,167,0.24897336561202854
9,168,0.24897336561202854
9,169,0.24897336561202854
9,170,0.24897336561202854
9,171,0.24897336561202854
9,172,0.24897336561202854
9,173,0.24897336561202854
9,174,0.24897336561202854
9,175,0.24897336561202854
9,176,0.24897336561202854
9,177,0.24897336561202854
9,178,0.24897336561202854
9,179,0.24897336561202854
9,180,0.24897336561202854
9,181,0.24897336561202854
9,182,0.24897336561202854
9,183,0.24897336561202854
9,184,0.24897336561202854
9,185,0.24897336561202854
9,186,0.24897336561202854
9,187,0.24897336561202854
9,188,0.24897336561202854
9,189,0.24897336561202854
9,190,0.24897336561202854
9,191,0.24897336561202854
9,192,0.24897336561202854
9,193,0.24897336561202854
9,194,0.24897336561202854
9,195,0.24897336561202854
9,196,0.24897336561202854
9,197,0.24897336561202854
9,198,0.24897336561202854
9,199,0.24897336561202854
9,200,0.24897336561202854
10,1,0.14041149157465455
10,2,0.15172670650417724
10,3,0.15202510027602023
10,4,0.15202510027602023
10,5,0.1896766076932997
10,6,0.1896766076932997
10,7,0.1896766076932997
10,8,0.1896766076932997
10,9,0.1896766076932997
10,10,0.1896766076932997
10,11,0.1896766076932997
10,12,0.1896766076932997
10,13,0.1896766076932997
10,14,0.1896766076932997
10,15,0.1896766076932997
10,16,0.1896766076932997
10,17,0.1896766076932997
10,18,0.1896766076932997
10,19,0.2024750305451882
10,20,0.2024750305451882
10,21,0.2024750305451882
10,22,0.2024750305451882
10,23,0.2024750305451882
10,24,0.2024750305451882
10,25,0.2024750305451882
10,26,0.2024750305451882
10,27,0.2024750305451882
10,28,0.2024750305451882
10,29,0.2024750305451882
10,30,0.2024750305451882
10,31,0.2024750305451882
10,32,0.2024750305451882
10,33,0.2024750305451882
10,34,0.2024750305451882
10,35,0.2024750305451882
10,36,0.2024750305451882
10,37,0.2024750305451882
10,38,0.2024750305451882
10,39,0.2024750305451882
10,40,0.2024750305451882
10,41,0.2024750305451882
10,42,0.2024750305451882
10,43,0.2024750305451882
10,44,0.2024750305451882
10,45,0.2024750305451882
10,46,0.20566392732706926
10,47,0.20566392732706926
10,48,0.20566392732706926
10,49,0.20566392732706926
10,50,0.20566392732706926
11,1,0.13879253929737392
11,2,0.1659560232072833
11,3,0.1659560232072833
11,4,0.17310963489998685
11,5,0.17310963489998685
11,6,0.17310963489998685
11,7,0.17310963489998685
11,8,0.17310963489998685
11,9,0.17310963489998685
11,10,0.1875424462042657
11,11,0.1875424462042657
11,12,0.1875424462042657
11,13,0.1875424462042657
11,14,0.1875424462042657
11,15,0.1875424462042657
11,16,0.1875424462042657
11,17,0.19047019093975406
11,18,0.19047019093975406
11,19,0.19047019093975406
11,20,0.19560771386529444
11,21,0.19560771386529444
11,22,0.1991433740729659
11,23,0.1991433740729659
11,24,0.1991433740729659
11,25,0.20088642085830344
11,26,0.20088642085830344
11,27,0.20088642085830344
11,28,0.21804580165085513
11,29,0.21804580165085513
11,30,0.21804580165085513
11,31,0.21804580165085513
11,32,0.21804580165085513
11,33,0.21804580165085513
11,34,0.21804580165085513
11,35,0.21804580165085513
11,36,0.21804580165085513
11,37,0.21804580165085513
11,38,0.21804580165085513
11,39,0.21804580165085513
11,40,0.21804580165085513
11,41,0.21804580165085513
11,42,0.21804580165085513
11,43,0.21804580165085513
11,44,0.21804580165085513
11,45,0.21804580165085513
11,46,0.21804580165085513
11,47,0.21804580165085513
11,48,0.21804580165085513
11,49,0.21804580165085513
11,50,0.21804580165085513
11,51,0.21804580165085513
11,52,0.21804580165085513
11,53,0.21804580165085513
11,54,0.21804580165085513
11,55,0.21804580165085513
11,56,0.21804580165085513
11,57,0.21804580165085513
11,58,0.21804580165085513
11,59,0.21804580165085513
11,60,0.21804580165085513
11,61,0.21804580165085513
11,62,0.21804580165085513
11,63,0.21804580165085513
11,64,0.21804580165085513
11,65,0.21804580165085513
11,66,0.21804580165085513
11,67,0.21804580165085513
11,68,0.21804580165085513
11,69,0.21804580165085513
11,70,0.21804580165085513
11,71,0.21804580165085513
11,72,0.21804580165085513
11,73,0.21804580165085513
11,74,0.21804580165085513
11,75,0.21804580165085513
11,76,0.21804580165085513
11,77,0.21804580165085513
11,78,0.21804580165085513
11,79,0.21804580165085513
11,80,0.21804580165085513
11,81,0.21804580165085513
11,82,0.21804580165085513
11,83,0.21804580165085513
11,84,0.21804580165085513
11,85,0.21804580165085513
11,86,0.21804580165085513
11,87,0.21804580165085513
11,88,0.21804580165085513
11,89,0.21804580165085513
11,90,0.21804580165085513
11,91,0.21804580165085513
11,92,0.21804580165085513
11,93,0.21804580165085513
11,94,0.21804580165085513
11,95,0.21804580165085513
11,96,0.21804580165085513
11,97,0.21804580165085513
11,98,0.21804580165085513
11,99,0.21804580165085513
11,100,0.21804580165085513
12,1,0.12789407058761496
12,2,0.15225856730199008
12,3,0.1541697234870585
12,4,0.1541697234870585
12,5,0.1541697234870585
12,6,0.1541697234870585
12,7,0.1541697234870585
12,8,0.16902075727473614
12,9,0.17445214221792424
12,10,0.18509333911608333
12,11,0.18509333911608333
12,12,0.18509333911608333
12,13,0.18509333911608333
12,14,0.18509333911608333
12,15,0.18509333911608333
12,16,0.18509333911608333
12,17,0.18509333911608333
12,18,0.18509333911608333
12,19,0.18509333911608333
12,20,0.18509333911608333
12,21,0.18509333911608333
12,22,0.20006463738500954
12,23,0.20006463738500954
12,24,0.20006463738500954
12,25,0.20006463738500954
12,26,0.20006463738500954
12,27,0.20006463738500954
12,28,0.20006463738500954
12,29,0.20006463738500954
12,30,0.20006463738500954
12,31,0.20006463738500954
12,32,0.20006463738500954
12,33,0.20006463738500954
12,34,0.20006463738500954
12,35,0.20006463738500954
12,36,0.20006463738500954
12,37,0.20006463738500954
12,38,0.20006463738500954
12,39,0.20006463738500954
12,40,0.20006463738500954
12,41,0.20322560059282027
12,42,0.20322560059282027
12,43,0.20322560059282027
12,44,0.20322560059282027
12,45,0.20322560059282027
12,46,0.20322560059282027
12,47,0.20322560059282027
12,48,0.20322560059282027
12,49,0.20322560059282027
12,50,0.20322560059282027
12,51,0.20322560059282027
12,52,0.20322560059282027
12,53,0.20322560059282027
12,54,0.20322560059282027
12,55,0.20322560059282027
12,56,0.20322560059282027
12,57,0.20322560059282027
12,58,0.20322560059282027
12,59,0.20435042042488305
12,60,0.20562032977349648
12,61,0.20562032977349648
12,62,0.20562032977349648
12,63,0.20562032977349648
12,64,0.20562032977349648
12,65,0.20682414726637743
12,66,0.20682414726637743
12,67,0.20682414726637743
12,68,0.20682414726637743
12,69,0.20682414726637743
12,70,0.20682414726637743
12,71,0.20682414726637743
12,72,0.20682414726637743
12,73,0.20682414726637743
12,74,0.20682414726637743
12,75,0.20682414726637743
12,76,0.2069919419012779
12,77,0.2069919419012779
12,78,0.20793362203435142
12,79,0.20793362203435142
12,80,0.20793362203435142
12,81,0.20793362203435142
12,82,0.20793362203435142
12,83,0.20793362203435142
12,84,0.20793362203435142
12,85,0.2176046364227372
12,86,0.2176046364227372
12,87,0.2176046364227372
12,88,0.2176046364227372
12,89,0.2176046364227372
12,90,0.2176046364227372
12,91,0.2176046364227372
12,92,0.2176046364227372
12,93,0.2176046364227372
12,94,0.2176046364227372
12,95,0.2176046364227372
12,96,0.2176046364227372
12,97,0.2176046364227372
12,98,0.2176046364227372
12,99,0.2176046364227372
12,100,0.2176046364227372
12,101,0.2176046364227372
12,102,0.2176046364227372
12,103,0.2176046364227372
12,104,0.2176046364227372
12,105,0.2176046364227372
12,106,0.2176046364227372
12,107,0.2176046364227372
12,108,0.2176046364227372
12,109,0.21788322147237993
12,110,0.21788322147237993
12,111,0.21788322147237993
12,112,0.21788322147237993
12,113,0.21788322147237993
12,114,0.21788322147237993
12,115,0.21788322147237993
12,116,0.21788322147237993
12,117,0.21788322147237993
12,118,0.21788322147237993
12,119,0.21788322147237993
12,120,0.218593003610188
12,121,0.218593003610188
12,122,0.22066413958248376
12,123,0.22066413958248376
12,124,0.22066413958248376
12,125,0.22066413958248376
12,126,0.22066413958248376
12,127,0.22066413958248376
12,128,0.22066413958248376
12,129,0.22066413958248376
12,130,0.22066413958248376
12,131,0.22066413958248376
12,132,0.22066413958248376
12,133,0.22684876625408923
12,134,0.22684876625408923
12,135,0.22684876625408923
12,136,0.22684876625408923
12,137,0.22684876625408923
12,138,0.22684876625408923
12,139,0.22684876625408923
12,140,0.22684876625408923
12,141,0.22843958229007624
12,142,0.22843958229007624
12,143,0.22843958229007624
12,144,0.22843958229007624
12,145,0.22843958229007624
12,146,0.22843958229007624
12,147,0.22843958229007624
12,148,0.22843958229007624
12,149,0.22843958229007624
12,150,0.22843958229007624
12,151,0.22843958229007624
12,152,0.22843958229007624
12,153,0.22843958229007624
12,154,0.22843958229007624
12,155,0.22843958229007624
12,156,0.22843958229007624
12,157,0.22843958229007624
12,158,0.22843958229007624
12,159,0.22843958229007624
12,160,0.22843958229007624
12,161,0.22843958229007624
12,162,0.23053590625170234
12,163,0.23053590625170234
12,164,0.23053590625170234
12,165,0.23053590625170234
12,166,0.23053590625170234
12,167,0.23053590625170234
12,168,0.23053590625170234
12,169,0.23053590625170234
12,170,0.23053590625170234
12,171,0.23053590625170234
12,172,0.23053590625170234
12,173,0.23053590625170234
12,174,0.23053590625170234
12,175,0.23053590625170234
12,176,0.23053590625170234
12,177,0.23053590625170234
12,178,0.23053590625170234
12,179,0.2321802143136848
12,180,0.2321802143136848
12,181,0.2321802143136848
12,182,0.2321802143136848
12,183,0.2321802143136848
12,184,0.2321802143136848
12,185,0.2321802143136848
12,186,0.2321802143136848
12,187,0.2321802143136848
12,188,0.2321802143136848
12,189,0.2321802143136848
12,190,0.2321802143136848
12,191,0.2321802143136848
12,192,0.2340265570623946
12,193,0.2340265570623946
12,194,0.2340265570623946
12,195,0.2340265570623946
12,196,0.2340265570623946
12,197,0.2340265570623946
12,198,0.2340265570623946
12,199,0.2340265570623946
12,200,0.2340265570623946
13,1,0.15954861823231542
13,2,0.15954861823231542
13,3,0.20997290029124493
13,4,0.20997290029124493
13,5,0.20997290029124493
13,6,0.20997290029124493
13,7,0.20997290029124493
13,8,0.20997290029124493
13,9,0.20997290029124493
13,10,0.20997290029124493
13,11,0.21069525275719822
13,12,0.225092403805233
13,13,0.225092403805233
13,14,0.225092403805233
13,15,0.225092403805233
13,16,0.225092403805233
13,17,0.225092403805233
13,18,0.22522047949728757
13,19,0.22522047949728757
13,20,0.22522047949728757
13,21,0.22522047949728757
13,22,0.23313821511609575
13,23,0.23373297106972282
13,24,0.23373297106972282
13,25,0.23373297106972282
13,26,0.23373297106972282
13,27,0.23802936173592784
13,28,0.23802936173592784
13,29,0.2423639089278181
13,30,0.2423639089278181
13,31,0.2423639089278181
13,32,0.2423639089278181
13,33,0.2423639089278181
13,34,0.2423639089278181
13,35,0.2423639089278181
13,36,0.2423639089278181
13,37,0.2423639089278181
13,38,0.2423639089278181
13,39,0.2423639089278181
13,40,0.2423639089278181
13,41,0.2423639089278181
13,42,0.243459468278381
13,43,0.243459468278381
13,44,0.243459468278381
13,45,0.243459468278381
13,46,0.243459468278381
13,47,0.24375376176219812
13,48,0.24375376176219812
13,49,0.24375376176219812
13,50,0.24375376176219812
14,1,0.15957832132856514
14,2,0.16158731746773958
14,3,0.17104286907101796
14,4,0.17629363225706557
14,5,0.1905140056673804
14,6,0.1905140056673804
14,7,0.1905140056673804
14,8,0.19970625510507858
14,9,0.19970625510507858
14,10,0.20804814292218138
14,11,0.20959176821936587
14,12,0.20959176821936587
14,13,0.2126462120286432
14,14,0.2126462120286432
14,15,0.21672883263409445
14,16,0.21672883263409445
14,17,0.2237257680861086
14,18,0.2237257680861086
14,19,0.2237257680861086
14,20,0.2237257680861086
14,21,0.2237257680861086
14,22,0.2237257680861086
14,23,0.2237257680861086
14,24,0.2237257680861086
14,25,0.2237257680861086
14,26,0.2237257680861086
14,27,0.2237257680861086
14,28,0.2237257680861086
14,29,0.2237257680861086
14,30,0.2237257680861086
14,31,0.2245469773057693
14,32,0.2245469773057693
14,33,0.2245469773057693
14,34,0.23614409796593214
14,35,0.23614409796593214
14,36,0.23614409796593214
14,37,0.23614409796593214
14,38,0.23614409796593214
14,39,0.23614409796593214
14,40,0.23614409796593214
14,41,0.23614409796593214
14,42,0.23614409796593214
14,43,0.23614409796593214
14,44,0.23614409796593214
14,45,0.23614409796593214
14,46,0.23614409796593214
14,47,0.23614409796593214
14,48,0.23614409796593214
14,49,0.23614409796593214
14,50,0.2380493825827606
14,51,0.2380493825827606
14,52,0.2380493825827606
14,53,0.2380493825827606
14,54,0.2380493825827606
14,55,0.2380493825827606
14,56,0.2380493825827606
14,57,0.2380493825827606
14,58,0.2380493825827606
14,59,0.23955040847194564
14,60,0.23955040847194564
14,61,0.23955040847194564
14,62,0.23955040847194564
14,63,0.23955040847194564
14,64,0.24068955931424624
14,65,0.24068955931424624
14,66,0.24385461745631343
14,67,0.24385461745631343
14,68,0.2449192271635424
14,69,0.2449192271635424
14,70,0.2449192271635424
14,71,0.2449192271635424
14,72,0.2449192271635424
14,73,0.2449192271635424
14,74,0.24518100390252504
14,75,0.24562083823834396
14,76,0.24562083823834396
14,77,0.24562083823834396
14,78,0.24562083823834396
14,79,0.24599625697570102
14,80,0.24599625697570102
14,81,0.24599625697570102
14,82,0.24599625697570102
14,83,0.24616185837565577
14,84,0.24616185837565577
14,85,0.24616185837565577
14,86,0.24616185837565577
14,87,0.24619287343819315
14,88,0.24619287343819315
14,89,0.24619287343819315
14,90,0.24619287343819315
14,91,0.24619287343819315
14,92,0.24619287343819315
14,93,0.24619287343819315
14,94,0.24623944987405366
14,95,0.24644955176224362
14,96,0.24644955176224362
14,97,0.24644955176224362
14,98,0.24644955176224362
14,99,0.24644955176224362
14,100,0.24645547335992748
15,1,0.15017665923880374
15,2,0.16648463419210652
15,3,0.19323496651148445
15,4,0.19323496651148445
15,5,0.19323496651148445
15,6,0.19323496651148445
15,7,0.2083827444369626
15,8,0.2083827444369626
15,9,0.2083827444369626
15,10,0.2083827444369626
15,11,0.2083827444369626
15,12,0.2083827444369626
15,13,0.2083827444369626
15,14,0.2083827444369626
15,15,0.2083827444369626
15,16,0.2083827444369626
15,17,0.2083827444369626
15,18,0.20863680040177882
15,19,0.21421883137050446
15,20,0.21421883137050446
15,21,0.21421883137050446
15,22,0.21421883137050446
15,23,0.2208640988460225
15,24,0.2208640988460225
15,25,0.2208640988460225
15,26,0.2208640988460225
15,27,0.2208640988460225
15,28,0.2208640988460225
15,29,0.22143340190609143
15,30,0.22290150003591316
15,31,0.22290150003591316
15,32,0.23333062277213526
15,33,0.23333062277213526
15,34,0.23333062277213526
15,35,0.23391136294920753
15,36,0.23391136294920753
15,37,0.2362114555076719
15,38,0.2362114555076719
15,39,0.2362114555076719
15,40,0.23815181819843187
15,41,0.2437954696122288
15,42,0.2437954696122288
15,43,0.2437954696122288
15,44,0.2437954696122288
15,45,0.2437954696122288
15,46,0.2437954696122288
15,47,0.2437954696122288
15,48,0.2437954696122288
15,49,0.2437954696122288
15,50,0.2437954696122288
15,51,0.2437954696122288
15,52,0.2437954696122288
15,53,0.2437954696122288
15,54,0.2437954696122288
15,55,0.2437954696122288
15,56,0.2437954696122288
15,57,0.2437954696122288
15,58,0.2437954696122288
15,59,0.2437954696122288
15,60,0.24434494755494518
15,61,0.24434494755494518
15,62,0.24434494755494518
15,63,0.24434494755494518
15,64,0.2453854624192004
15,65,0.24607812359801134
15,66,0.24607812359801134
15,67,0.24607812359801134
15,68,0.24607812359801134
15,69,0.24607812359801134
15,70,0.24632548975509153
15,71,0.24632548975509153
15,72,0.24642320103965631
15,73,0.2471606893198608
15,74,0.2471606893198608
15,75,0.2471606893198608
15,76,0.2471606893198608
15,77,0.24716363208551653
15,78,0.24716363208551653
15,79,0.24730725843432744
15,80,0.24745868694786832
15,81,0.24745868694786832
15,82,0.24745868694786832
15,83,0.24745868694786832
15,84,0.24745868694786832
15,85,0.24745868694786832
15,86,0.24769410486769095
15,87,0.24769410486769095
15,88,0.24769410486769095
15,89,0.24770908386687548
15,90,0.2481020986428026
15,91,0.2481020986428026
15,92,0.2481020986428026
15,93,0.2481020986428026
15,94,0.24838305506605465
15,95,0.24838305506605465
15,96,0.24838305506605465
15,97,0.24838305506605465
15,98,0.24838305506605465
15,99,0.24838305506605465
15,100,0.24838305506605465
15,101,0.24838305506605465
15,102,0.24838305506605465
15,103,0.24838305506605465
15,104,0.24838305506605465
15,105,0.24838305506605465
15,106,0.24838305506605465
15,107,0.24839385383331702
15,108,0.24839385383331702
15,109,0.24839385383331702
15,110,0.24839385383331702
15,111,0.24839385383331702
15,112,0.24839385383331702
15,113,0.24839385383331702
15,114,0.24846467649538018
15,115,0.24849056806349626
15,116,0.24849056806349626
15,117,0.24859085481456697
15,118,0.24859085481456697
15,119,0.24859085481456697
15,120,0.24859456910098382
15,121,0.24859456910098382
15,122,0.248628172943228
15,123,0.248628172943228
15,124,0.248628172943228
15,125,0.24868343254891115
15,126,0.24869908871425053
15,127,0.24870455922326892
15,128,0.24870455922326892
15,129,0.2487225601605549
15,130,0.248785128483059
15,131,0.248785128483059
15,132,0.24883255636250787
15,133,0.24883255636250787
15,134,0.24883255636250787
15,135,0.24884101014739005
15,136,0.24884101014739005
15,137,0.24885713837355064
15,138,0.24885713837355064
15,139,0.24892978788710407
15,140,0.24892978788710407
15,141,0.24892978788710407
15,142,0.2489433346054542
15,143,0.2489433346054542
15,144,0.24894566508522992
15,145,0.2489536937082642
15,146,0.24895761885510453
15,147,0.24895761885510453
15,148,0.24896726189414092
15,149,0.24896970375508792
15,150,0.24897230388249603
15,151,0.24898012944124726
15,152,0.24898012944124726
15,153,0.24898365004993941
15,154,0.24898752942681793
15,155,0.24898943620541591
15,156,0.24899664843941025
15,157,0.2490007633469001
15,158,0.24900542265374104
15,159,0.2490090809092509
15,160,0.24901003837426414
15,161,0.24901681488648914
15,162,0.2490211179780243
15,163,0.24902361280370616
15,164,0.24903520249759373
15,165,0.24904128047818302
15,166,0.24906446667765536
15,167,0.24906446667765536
15,168,0.24906446667765536
15,169,0.24907043514475002
15,170,0.24907043514475002
15,171,0.2490773701058431
15,172,0.24908578937582612
15,173,0.24908578937582612
15,174,0.24908578937582612
15,175,0.24908578937582612
15,176,0.24908635874287072
15,177,0.249088449276941
15,178,0.24909196157068259
15,179,0.24909215532563098
15,180,0.2490927591778411
15,181,0.24909339770801683
15,182,0.24909339770801683
15,183,0.24909459228964692
15,184,0.24909587375101716
15,185,0.2490967130478585
15,186,0.2490967554206961
15,187,0.24909717957450875
15,188,0.2490983516264419
15,189,0.2490983516264419
15,190,0.2491014503998892
15,191,0.2491014503998892
15,192,0.2491014503998892
15,193,0.24910378565010186
15,194,0.24910839990104736
15,195,0.24911714109551267
15,196,0.2491236458136168
15,197,0.24913258011254824
15,198,0.24915783653078727
15,199,0.24922130449227778
15,200,0.24922130449227778
16,1,0.1746963702018936
16,2,0.1770055909794714
16,3,0.20212738065986569
16,4,0.20212738065986569
16,5,0.20212738065986569
16,6,0.20496420319856237
16,7,0.21039135902603426
16,8,0.2145816832992407
16,9,0.2145816832992407
16,10,0.2145816832992407
16,11,0.21539177965115405
16,12,0.22040445368703
16,13,0.22040445368703
16,14,0.22106828852546165
16,15,0.2240898270735824
16,16,0.22433935689640905
16,17,0.22972692945887774
16,18,0.23026286325518713
16,19,0.23104340752049185
16,20,0.23104340752049185
16,21,0.23261530601493702
16,22,0.23261530601493702
16,23,0.23675046296065477
16,24,0.23675046296065477
16,25,0.23675046296065477
16,26,0.23792816851677057
16,27,0.23792816851677057
16,28,0.23792816851677057
16,29,0.2387310591243985
16,30,0.2387310591243985
16,31,0.24037779823581287
16,32,0.24037779823581287
16,33,0.2420258403758203
16,34,0.2420258403758203
16,35,0.2420258403758203
16,36,0.2420258403758203
16,37,0.24560878206979714
16,38,0.24560878206979714
16,39,0.24560878206979714
16,40,0.24560878206979714
16,41,0.24560878206979714
16,42,0.24560878206979714
16,43,0.24620207668012725
16,44,0.24620207668012725
16,45,0.24620207668012725
16,46,0.24669267081964338
16,47,0.24669267081964338
16,48,0.24669267081964338
16,49,0.24669267081964338
16,50,0.24669267081964338
17,1,0.16913855078211393
17,2,0.18334648080276192
17,3,0.19450302108363018
17,4,0.2013385866679724
17,5,0.2013385866679724
17,6,0.20368098002665536
17,7,0.20368098002665536
17,8,0.23268401151765541
17,9,0.23268401151765541
17,10,0.23268401151765541
17,11,0.23268401151765541
17,12,0.23268401151765541
17,13,0.23268401151765541
17,14,0.23268401151765541
17,15,0.23268401151765541
17,16,0.23268401151765541
17,17,0.23268401151765541
17,18,0.23268401151765541
17,19,0.23268401151765541
17,20,0.23268401151765541
17,21,0.23268401151765541
17,22,0.2349074281079363
17,23,0.2349074281079363
17,24,0.23775346398947358
17,25,0.24048449023825672
17,26,0.24048449023825672
17,27,0.24048449023825672
17,28,0.24048449023825672
17,29,0.24158347871331382
17,30,0.24158347871331382
17,31,0.24277924743895987
17,32,0.24277924743895987
17,33,0.24277924743895987
17,34,0.2436300377949707
17,35,0.2444856099445598
17,36,0.2444856099445598
17,37,0.2444856099445598
17,38,0.24499687911722556
17,39,0.24499687911722556
17,40,0.24581036901560974
17,41,0.24645698009798644
17,42,0.24645698009798644
17,43,0.24645698009798644
17,44,0.24645698009798644
17,45,0.24774377453944302
17,46,0.24774377453944302
17,47,0.24774377453944302
17,48,0.24774377453944302
17,49,0.24774377453944302
17,50,0.24774377453944302
17,51,0.24774377453944302
17,52,0.24774377453944302
17,53,0.247871434691468
17,54,0.247871434691468
17,55,0.2478747678315746
17,56,0.2481775956772869
17,57,0.24819488929164027
17,58,0.24819488929164027
17,59,0.2485577432001684
17,60,0.24869406513423525
17,61,0.2487841412679579
17,62,0.2487841412679579
17,63,0.2487841412679579
17,64,0.2487841412679579
17,65,0.2487841412679579
17,66,0.2487957489039803
17,67,0.24883008969167122
17,68,0.24883008969167122
17,69,0.24883008969167122
17,70,0.24883008969167122
17,71,0.24885963891263863
17,72,0.24890429015704765
17,73,0.24890429015704765
17,74,0.24890429015704765
17,75,0.24890429015704765
17,76,0.24891318831973427
17,77,0.2489830624276407
17,78,0.2489848336359068
17,79,0.24899431337271216
17,80,0.24904269452429822
17,81,0.24905322564678123
17,82,0.24905322564678123
17,83,0.24905322564678123
17,84,0.2490733735510695
17,85,0.24909329076674794
17,86,0.24916064938648463
17,87,0.24916064938648463
17,88,0.24916229664095255
17,89,0.24916229664095255
17,90,0.24916911252830376
17,91,0.24916911252830376
17,92,0.24916911252830376
17,93,0.24916911252830376
17,94,0.2491774686457064
17,95,0.24918773765524765
17,96,0.24918773765524765
17,97,0.24918773765524765
17,98,0.24918773765524765
17,99,0.24918773765524765
17,100,0.24918773765524765
18,1,0.15494726049473692
18,2,0.16846771254133208
18,3,0.1748863682965528
18,4,0.19865817932254906
18,5,0.19865817932254906
18,6,0.20553542642704747
18,7,0.2188284004236253
18,8,0.2188284004236253
18,9,0.2188284004236253
18,10,0.22059205087838515
18,11,0.2245979518993558
18,12,0.2245979518993558
18,13,0.2245979518993558
18,14,0.23064968664331484
18,15,0.23064968664331484
18,16,0.23064968664331484
18,17,0.236559127906079
18,18,0.236559127906079
18,19,0.23679234826285506
18,20,0.237914725034629
18,21,0.2421882895321952
18,22,0.24393491979936832
18,23,0.24393491979936832
18,24,0.24393491979936832
18,25,0.2444054015696727
18,26,0.24473616483025373
18,27,0.24473616483025373
18,28,0.24573273822621305
18,29,0.24573273822621305
18,30,0.24638885450782702
18,31,0.2470577761646237
18,32,0.2470577761646237
18,33,0.2470577761646237
18,34,0.24712813451065435
18,35,0.24712813451065435
18,36,0.2479262173110435
18,37,0.2479262173110435
18,38,0.2479262173110435
18,39,0.2479262173110435
18,40,0.24838489970156508
18,41,0.24838489970156508
18,42,0.24838634890302447
18,43,0.24858201675993508
18,44,0.24864726189366565
18,45,0.24867334643616243
18,46,0.24867334643616243
18,47,0.24871417696338205
18,48,0.24871417696338205
18,49,0.2487768980538572
18,50,0.2488705700504291
18,51,0.24897780212373205
18,52,0.24897780212373205
18,53,0.24897780212373205
18,54,0.24906881444354823
18,55,0.24907876150712033
18,56,0.24907876150712033
18,57,0.24907876150712033
18,58,0.24912748191519954
18,59,0.24912748191519954
18,60,0.24912748191519954
18,61,0.24912748191519954
18,62,0.24912748191519954
18,63,0.24912748191519954
18,64,0.2491334266931876
18,65,0.24916340567415005
18,66,0.24921492167792708
18,67,0.24921492167792708
18,68,0.24921492167792708
18,69,0.24921492167792708
18,70,0.24921492167792708
18,71,0.24921492167792708
18,72,0.24921603119412966
18,73,0.24921603119412966
18,74,0.24921603119412966
18,75,0.24921603119412966
18,76,0.24921603119412966
18,77,0.24921603119412966
18,78,0.24921603119412966
18,79,0.24923249086483412
18,80,0.24923249086483412
18,81,0.24923249086483412
18,82,0.24924189006305467
18,83,0.24924189006305467
18,84,0.24924189006305467
18,85,0.24924520025886598
18,86,0.24924520025886598
18,87,0.24924520025886598
18,88,0.24924530828587746
18,89,0.2492517053370617
18,90,0.2492559172349144
18,91,0.2492559172349144
18,92,0.24926047097900034
18,93,0.24926268942248514
18,94,0.24926649493193948
18,95,0.24927144603034188
18,96,0.24927154993607292
18,97,0.24927154993607292
18,98,0.24927645784758562
18,99,0.24927645784758562
18,100,0.24927925494851025
18,101,0.24927925494851025
18,102,0.24928137282293805
18,103,0.24928291468110586
18,104,0.24928487773190292
18,105,0.24928599521769
18,106,0.24928831186897696
18,107,0.24928975944030793
18,108,0.2492915705917701
18,109,0.24929382852949816
18,110,0.24929382852949816
18,111,0.24929382852949816
18,112,0.24929382852949816
18,113,0.24929382852949816
18,114,0.24929542224351162
18,115,0.2492974568014222
18,116,0.2492974568014222
18,117,0.2492974568014222
18,118,0.24929800981204772
18,119,0.24929800981204772
18,120,0.24929811007317
18,121,0.249298436157536
18,122,0.24929854175170937
18,123,0.24929854175170937
18,124,0.2492992579647273
18,125,0.2492992579647273
18,126,0.24929942111649542
18,127,0.24929942111649542
18,128,0.24929947377975714
18,129,0.24929960047873
18,130,0.24929969668775404
18,131,0.24929983956443105
18,132,0.24930010013410472
18,133,0.24930010013410472
18,134,0.2493002282123152
18,135,0.2493002282123152
18,136,0.2493005649592004
18,137,0.24930068809928885
18,138,0.2493008238539559
18,139,0.24930092872889212
18,140,0.24930108986097904
18,141,0.24930147815868164
18,142,0.24930151429259012
18,143,0.2493017985916486
18,144,0.24930180632351376
18,145,0.24930217795558
18,146,0.24930244455702588
18,147,0.24930250313931895
18,148,0.24930250313931895
18,149,0.24930254436453306
18,150,0.24930258150694976
18,151,0.24930260018110112
18,152,0.24930260018110112
18,153,0.24930260018110112
18,154,0.24930263155644264
18,155,0.2493026525389812
18,156,0.2493026544628494
18,157,0.24930266415551508
18,158,0.2493026766109733
18,159,0.2493026766109733
18,160,0.24930271305309437
18,161,0.24930273274234177
18,162,0.24930273274234177
18,163,0.24930274210312678
18,164,0.24930276308557725
18,165,0.24930276308557725
18,166,0.249302783115489
18,167,0.249302783115489
18,168,0.24930278528769823
18,169,0.24930278727794455
18,170,0.24930278727794455
18,171,0.2493027923363319
18,172,0.2493027923363319
18,173,0.24930280788867015
18,174,0.24930280788867015
18,175,0.24930280788867015
18,176,0.24930282527658962
18,177,0.24930282527658962
18,178,0.24930283978167966
18,179,0.24930283978167966
18,180,0.24930283978167966
18,181,0.24930283978167966
18,182,0.24930283978167966
18,183,0.24930283978167966
18,184,0.24930285229683846
18,185,0.24930285229683846
18,186,0.24930285229683846
18,187,0.24930285229683846
18,188,0.24930285229683846
18,189,0.24930286156863296
18,190,0.24930286156863296
18,191,0.24930286156863296
18,192,0.24930286156863296
18,193,0.2493028639525886
18,194,0.2493028639525886
18,195,0.2493028689395927
18,196,0.2493028689395927
18,197,0.24930286959580014
18,198,0.24930286959580014
18,199,0.24930286959580014
18,200,0.2493028731509953
19,1,0.15196116229776419
19,2,0.17011337277316263
19,3,0.17011337277316263
19,4,0.17011337277316263
19,5,0.17011337277316263
19,6,0.17011337277316263
19,7,0.17011337277316263
19,8,0.17011337277316263
19,9,0.17011337277316263
19,10,0.17011337277316263
19,11,0.17011337277316263
19,12,0.17011337277316263
19,13,0.17011337277316263
19,14,0.17011337277316263
19,15,0.17011337277316263
19,16,0.17011337277316263
19,17,0.18168357037915597
19,18,0.18168357037915597
19,19,0.18168357037915597
19,20,0.18168357037915597
19,21,0.18168357037915597
19,22,0.18487060356313512
19,23,0.18876738407870913
19,24,0.18876738407870913
19,25,0.18876738407870913
19,26,0.18876738407870913
19,27,0.18876738407870913
19,28,0.18876738407870913
19,29,0.18876738407870913
19,30,0.18876738407870913
19,31,0.18876738407870913
19,32,0.18876738407870913
19,33,0.18876738407870913
19,34,0.18876738407870913
19,35,0.18876738407870913
19,36,0.19293019071384387
19,37,0.19293019071384387
19,38,0.19293019071384387
19,39,0.19293019071384387
19,40,0.19293019071384387
19,41,0.19293019071384387
19,42,0.19293019071384387
19,43,0.19377462981312088
19,44,0.19377462981312088
19,45,0.19377462981312088
19,46,0.19377462981312088
19,47,0.1961574927430494
19,48,0.1961574927430494
19,49,0.1961574927430494
19,50,0.1966831000883105
20,1,0.155730073923428
20,2,0.155730073923428
20,3,0.155730073923428
20,4,0.155730073923428
20,5,0.155730073923428
20,6,0.155730073923428
20,7,0.18870638325754321
20,8,0.18870638325754321
20,9,0.18870638325754321
20,10,0.18870638325754321
20,11,0.18870638325754321
20,12,0.18870638325754321
20,13,0.18870638325754321
20,14,0.18870638325754321
20,15,0.18870638325754321
20,16,0.18870638325754321
20,17,0.18870638325754321
20,18,0.18870638325754321
20,19,0.18870638325754321
20,20,0.18870638325754321
20,21,0.18870638325754321
20,22,0.18870638325754321
20,23,0.18870638325754321
20,24,0.18870638325754321
20,25,0.18870638325754321
20,26,0.18870638325754321
20,27,0.18947706411461906
20,28,0.19330568633368655
20,29,0.19330568633368655
20,30,0.19330568633368655
20,31,0.19330568633368655
20,32,0.1960964146471442
20,33,0.1960964146471442
20,34,0.1960964146471442
20,35,0.1960964146471442
20,36,0.1960964146471442
20,37,0.1960964146471442
20,38,0.1960964146471442
20,39,0.1960964146471442
20,40,0.1960964146471442
20,41,0.1960964146471442
20,42,0.1960964146471442
20,43,0.1960964146471442
20,44,0.1960964146471442
20,45,0.1960964146471442
20,46,0.1960964146471442
20,47,0.1960964146471442
20,48,0.1960964146471442
20,49,0.1960964146471442
20,50,0.1960964146471442
20,51,0.1960964146471442
20,52,0.1960964146471442
20,53,0.1960964146471442
20,54,0.2103510673098415
20,55,0.2103510673098415
20,56,0.2103510673098415
20,57,0.2103510673098415
20,58,0.2103510673098415
20,59,0.2103510673098415
20,60,0.2103510673098415
20,61,0.2103510673098415
20,62,0.2103510673098415
20,63,0.2103510673098415
20,64,0.2103510673098415
20,65,0.2103510673098415
20,66,0.2103510673098415
20,67,0.2103510673098415
20,68,0.2103510673098415
20,69,0.2103510673098415
20,70,0.2103510673098415
20,71,0.2103510673098415
20,72,0.2103510673098415
20,73,0.2103510673098415
20,74,0.2103510673098415
20,75,0.2103510673098415
20,76,0.2103510673098415
20,77,0.2103510673098415
20,78,0.2103510673098415
20,79,0.2103510673098415
20,80,0.2103510673098415
20,81,0.2103510673098415
20,82,0.2103510673098415
20,83,0.21072956556341313
20,84,0.21072956556341313
20,85,0.21072956556341313
20,86,0.21072956556341313
20,87,0.21072956556341313
20,88,0.21072956556341313
20,89,0.21072956556341313
20,90,0.21072956556341313
20,91,0.21072956556341313
20,92,0.21072956556341313
20,93,0.21072956556341313
20,94,0.21072956556341313
20,95,0.21072956556341313
20,96,0.21072956556341313
20,97,0.21072956556341313
20,98,0.210929991529327
20,99,0.210929991529327
20,100,0.210929991529327
21,1,0.15693148514697636
21,2,0.15693148514697636
21,3,0.15693148514697636
21,4,0.15693148514697636
21,5,0.16632996106260994
21,6,0.16632996106260994
21,7,0.16632996106260994
21,8,0.16632996106260994
21,9,0.16632996106260994
21,10,0.18114334963240042
21,11,0.18114334963240042
21,12,0.18303459169116118
21,13,0.18303459169116118
21,14,0.18303459169116118
21,15,0.18303459169116118
21,16,0.18303459169116118
21,17,0.18303459169116118
21,18,0.18303459169116118
21,19,0.18303459169116118
21,20,0.18303459169116118
21,21,0.18303459169116118
21,22,0.18303459169116118
21,23,0.18303459169116118
21,24,0.18303459169116118
21,25,0.18303459169116118
21,26,0.18947616685691013
21,27,0.18947616685691013
21,28,0.18947616685691013
21,29,0.1972588590937419
21,30,0.1972588590937419
21,31,0.1972588590937419
21,32,0.1972588590937419
21,33,0.1972588590937419
21,34,0.1972588590937419
21,35,0.1972588590937419
21,36,0.1972588590937419
21,37,0.1972588590937419
21,38,0.1972588590937419
21,39,0.1972588590937419
21,40,0.1972588590937419
21,41,0.1972588590937419
21,42,0.1972588590937419
21,43,0.1972588590937419
21,44,0.2030245571091615
21,45,0.2030245571091615
21,46,0.2030245571091615
21,47,0.2030245571091615
21,48,0.2030245571091615
21,49,0.2030245571091615
21,50,0.2030245571091615
21,51,0.2030245571091615
21,52,0.20940539523153118
21,53,0.20940539523153118
21,54,0.20940539523153118
21,55,0.20940539523153118
21,56,0.20940539523153118
21,57,0.20940539523153118
21,58,0.20940539523153118
21,59,0.20940539523153118
21,60,0.20940539523153118
21,61,0.20940539523153118
21,62,0.21432591437217852
21,63,0.21432591437217852
21,64,0.21432591437217852
21,65,0.21432591437217852
21,66,0.21432591437217852
21,67,0.21432591437217852
21,68,0.21432591437217852
21,69,0.21432591437217852
21,70,0.21432591437217852
21,71,0.21432591437217852
21,72,0.21432591437217852
21,73,0.21888024586992777
21,74,0.21888024586992777
21,75,0.21888024586992777
21,76,0.21888024586992777
21,77,0.21888024586992777
21,78,0.21888024586992777
21,79,0.21888024586992777
21,80,0.21888024586992777
21,81,0.21888024586992777
21,82,0.21888024586992777
21,83,0.21888024586992777
21,84,0.21888024586992777
21,85,0.21888024586992777
21,86,0.21888024586992777
21,87,0.21888024586992777
21,88,0.21888024586992777
21,89,0.21888024586992777
21,90,0.21888024586992777
21,91,0.21888024586992777
21,92,0.21888024586992777
21,93,0.21888024586992777
21,94,0.21888024586992777
21,95,0.21888024586992777
21,96,0.21888024586992777
21,97,0.21888024586992777
21,98,0.21888024586992777
21,99,0.22525848573417162
21,100,0.2273554552986796
21,101,0.2273554552986796
21,102,0.2273554552986796
21,103,0.2273554552986796
21,104,0.2273554552986796
21,105,0.2273554552986796
21,106,0.2273554552986796
21,107,0.2273554552986796
21,108,0.2273554552986796
21,109,0.2273554552986796
21,110,0.2273554552986796
21,111,0.2273554552986796
21,112,0.2273554552986796
21,113,0.23251487757314784
21,114,0.23251487757314784
21,115,0.2344707036241101
21,116,0.2344707036241101
21,117,0.2344707036241101
21,118,0.2344707036241101
21,119,0.2344707036241101
21,120,0.2344707036241101
21,121,0.2344707036241101
21,122,0.2344707036241101
21,123,0.2344707036241101
21,124,0.2344707036241101
21,125,0.2344707036241101
21,126,0.2344707036241101
21,127,0.2344707036241101
21,128,0.2344707036241101
21,129,0.2344707036241101
21,130,0.2344707036241101
21,131,0.2344707036241101
21,132,0.2344707036241101
21,133,0.2344707036241101
21,134,0.2344707036241101
21,135,0.2344707036241101
21,136,0.2344707036241101
21,137,0.2344707036241101
21,138,0.2344707036241101
21,139,0.2344707036241101
21,140,0.2344707036241101
21,141,0.2344707036241101
21,142,0.2344707036241101
21,143,0.2344707036241101
21,144,0.2344707036241101
21,145,0.23529607671759917
21,146,0.23529607671759917
21,147,0.23529607671759917
21,148,0.23529607671759917
21,149,0.23529607671759917
21,150,0.23529607671759917
21,151,0.23529607671759917
21,152,0.23529607671759917
21,153,0.23529607671759917
21,154,0.23529607671759917
21,155,0.23529607671759917
21,156,0.23529607671759917
21,157,0.23529607671759917
21,158,0.23529607671759917
21,159,0.23529607671759917
21,160,0.23529607671759917
21,161,0.23529607671759917
21,162,0.23529607671759917
21,163,0.23529607671759917
21,164,0.23529607671759917
21,165,0.23529607671759917
21,166,0.23529607671759917
21,167,0.23529607671759917
21,168,0.23529607671759917
21,169,0.23529607671759917
21,170,0.23529607671759917
21,171,0.23529607671759917
21,172,0.23529607671759917
21,173,0.23529607671759917
21,174,0.2372131598250154
21,175,0.2372131598250154
21,176,0.2372131598250154
21,177,0.2372131598250154
21,178,0.2372131598250154
21,179,0.23969709216798277
21,180,0.23969709216798277
21,181,0.23969709216798277
21,182,0.23969709216798277
21,183,0.23969709216798277
21,184,0.23969709216798277
21,185,0.23969709216798277
21,186,0.23969709216798277
21,187,0.23969709216798277
21,188,0.23969709216798277
21,189,0.23969709216798277
21,190,0.23969709216798277
21,191,0.23969709216798277
21,192,0.23969709216798277
21,193,0.23969709216798277
21,194,0.23969709216798277
21,195,0.23969709216798277
21,196,0.23969709216798277
21,197,0.23969709216798277
21,198,0.23969709216798277
21,199,0.23969709216798277
21,200,0.23969709216798277
22,1,0.16599635789284442
22,2,0.16599635789284442
22,3,0.16599635789284442
22,4,0.16599635789284442
22,5,0.1886607058178913
22,6,0.1964696236906601
22,7,0.1964696236906601
22,8,0.1964696236906601
22,9,0.1964696236906601
22,10,0.1964696236906601
22,11,0.1964696236906601
22,12,0.1964696236906601
22,13,0.1964696236906601
22,14,0.1964696236906601
22,15,0.1964696236906601
22,16,0.20745477211792926
22,17,0.20745477211792926
22,18,0.20745477211792926
22,19,0.20745477211792926
22,20,0.20745477211792926
22,21,0.20745477211792926
22,22,0.20745477211792926
22,23,0.20745477211792926
22,24,0.20816121810878754
22,25,0.20816121810878754
22,26,0.20816121810878754
22,27,0.22405427081598236
22,28,0.22405427081598236
22,29,0.22405427081598236
22,30,0.22405427081598236
22,31,0.22405427081598236
22,32,0.22405427081598236
22,33,0.23070323776615814
22,34,0.23070323776615814
22,35,0.23070323776615814
22,36,0.23070323776615814
22,37,0.23070323776615814
22,38,0.23070323776615814
22,39,0.23549135612412622
22,40,0.23706475954285794
22,41,0.23706475954285794
22,42,0.23706475954285794
22,43,0.23706475954285794
22,44,0.2392068294390882
22,45,0.2392068294390882
22,46,0.2392068294390882
22,47,0.2392068294390882
22,48,0.2392068294390882
22,49,0.2392068294390882
22,50,0.2392068294390882
23,1,0.16685092527947026
23,2,0.16685092527947026
23,3,0.16809110100970467
23,4,0.173897975851837
23,5,0.173897975851837
23,6,0.18137427113770765
23,7,0.1903440044774045
23,8,0.1903440044774045
23,9,0.1903440044774045
23,10,0.20644859032741267
23,11,0.20644859032741267
23,12,0.20644859032741267
23,13,0.20644859032741267
23,14,0.20885816430069992
23,15,0.20885816430069992
23,16,0.20885816430069992
23,17,0.21544671628476417
23,18,0.21544671628476417
23,19,0.21544671628476417
23,20,0.21544671628476417
23,21,0.21544671628476417
23,22,0.22451669611788036
23,23,0.22469542326351868
23,24,0.22469542326351868
23,25,0.22469542326351868
23,26,0.22469542326351868
23,27,0.23080564101750184
23,28,0.23612994254785555
23,29,0.23612994254785555
23,30,0.23612994254785555
23,31,0.23612994254785555
23,32,0.23612994254785555
23,33,0.23612994254785555
23,34,0.23612994254785555
23,35,0.23612994254785555
23,36,0.23612994254785555
23,37,0.23988414736885783
23,38,0.23988414736885783
23,39,0.23988414736885783
23,40,0.23988414736885783
23,41,0.24193628500226422
23,42,0.24193628500226422
23,43,0.24193628500226422
23,44,0.24193628500226422
23,45,0.24193628500226422
23,46,0.24193628500226422
23,47,0.24193628500226422
23,48,0.24193628500226422
23,49,0.24193628500226422
23,50,0.24193628500226422
23,51,0.24193628500226422
23,52,0.24193628500226422
23,53,0.24193628500226422
23,54,0.24193628500226422
23,55,0.24193628500226422
23,56,0.24193628500226422
23,57,0.24193628500226422
23,58,0.24193628500226422
23,59,0.24193628500226422
23,60,0.24193628500226422
23,61,0.24193628500226422
23,62,0.24193628500226422
23,63,0.24193628500226422
23,64,0.24193628500226422
23,65,0.24193628500226422
23,66,0.24193628500226422
23,67,0.24193628500226422
23,68,0.24193628500226422
23,69,0.24193628500226422
23,70,0.24193628500226422
23,71,0.24193628500226422
23,72,0.24193628500226422
23,73,0.24193628500226422
23,74,0.24193628500226422
23,75,0.2425567574082265
23,76,0.2425567574082265
23,77,0.2427789824822675
23,78,0.2427789824822675
23,79,0.2427789824822675
23,80,0.2427789824822675
23,81,0.2427789824822675
23,82,0.2427789824822675
23,83,0.2427789824822675
23,84,0.2427789824822675
23,85,0.2427789824822675
23,86,0.2427789824822675
23,87,0.24384289152313174
23,88,0.24384289152313174
23,89,0.24384289152313174
23,90,0.24384289152313174
23,91,0.24413530205792797
23,92,0.24448991504372378
23,93,0.24448991504372378
23,94,0.24448991504372378
23,95,0.2457207237673438
23,96,0.2457207237673438
23,97,0.2457207237673438
23,98,0.2457207237673438
23,99,0.2457207237673438
23,100,0.2457207237673438
24,1,0.16141772261542187
24,2,0.16141772261542187
24,3,0.16141772261542187
24,4,0.16976777234208434
24,5,0.21968839884065502
24,6,0.21968839884065502
24,7,0.21968839884065502
24,8,0.21968839884065502
24,9,0.21968839884065502
24,10,0.21968839884065502
24,11,0.21968839884065502
24,12,0.21968839884065502
24,13,0.21968839884065502
24,14,0.2233598273471426
24,15,0.2233598273471426
24,16,0.2233598273471426
24,17,0.2233598273471426
24,18,0.2233598273471426
24,19,0.2233598273471426
24,20,0.2233598273471426
24,21,0.2233598273471426
24,22,0.2233598273471426
24,23,0.2233598273471426
24,24,0.2233598273471426
24,25,0.2233598273471426
24,26,0.2233598273471426
24,27,0.2233598273471426
24,28,0.2233598273471426
24,29,0.2233598273471426
24,30,0.22381974377772376
24,31,0.22628646073715514
24,32,0.22628646073715514
24,33,0.22825268343084723
24,34,0.22825268343084723
24,35,0.22825268343084723
24,36,0.2351533865324864
24,37,0.2351533865324864
24,38,0.2351533865324864
24,39,0.2351533865324864
24,40,0.2351533865324864
24,41,0.2351533865324864
24,42,0.2351533865324864
24,43,0.2351533865324864
24,44,0.2351533865324864
24,45,0.2351533865324864
24,46,0.2351533865324864
24,47,0.2351533865324864
24,48,0.2351533865324864
24,49,0.2351533865324864
24,50,0.2351533865324864
24,51,0.2351533865324864
24,52,0.2351533865324864
24,53,0.2424710028754533
24,54,0.2424710028754533
24,55,0.2424710028754533
24,56,0.2424710028754533
24,57,0.2424710028754533
24,58,0.2424710028754533
24,59,0.2424710028754533
24,60,0.2424710028754533
24,61,0.2424710028754533
24,62,0.2424710028754533
24,63,0.2424710028754533
24,64,0.2424710028754533
24,65,0.2424710028754533
24,66,0.2424710028754533
24,67,0.2424710028754533
24,68,0.2424710028754533
24,69,0.2424710028754533
24,70,0.2424710028754533
24,71,0.2424710028754533
24,72,0.2424710028754533
24,73,0.2424710028754533
24,74,0.2424710028754533
24,75,0.2424710028754533
24,76,0.2424710028754533
24,77,0.2424710028754533
24,78,0.2424710028754533
24,79,0.2424710028754533
24,80,0.2424710028754533
24,81,0.2424710028754533
24,82,0.2424710028754533
24,83,0.24397352558942464
24,84,0.24397352558942464
24,85,0.2440451240780767
24,86,0.2440451240780767
24,87,0.2440451240780767
24,88,0.2440451240780767
24,89,0.2446769169889628
24,90,0.2446769169889628
24,91,0.2446769169889628
24,92,0.2446769169889628
24,93,0.2446769169889628
24,94,0.2446769169889628
24,95,0.2454128357747924
24,96,0.2454128357747924
24,97,0.2454128357747924
24,98,0.2454128357747924
24,99,0.2454128357747924
24,100,0.2454128357747924
24,101,0.2454128357747924
24,102,0.2454128357747924
24,103,0.2454128357747924
24,104,0.2454128357747924
24,105,0.2454128357747924
24,106,0.2454128357747924
24,107,0.24557180081531754
24,108,0.24557180081531754
24,109,0.24564136853021207
24,110,0.24564136853021207
24,111,0.24564136853021207
24,112,0.24564136853021207
24,113,0.24564136853021207
24,114,0.24564136853021207
24,115,0.24564136853021207
24,116,0.24564136853021207
24,117,0.24564136853021207
24,118,0.24564136853021207
24,119,0.2465273823125208
24,120,0.2465273823125208
24,121,0.2465273823125208
24,122,0.2465273823125208
24,123,0.2465273823125208
24,124,0.2465273823125208
24,125,0.2465273823125208
24,126,0.2465273823125208
24,127,0.2465273823125208
24,128,0.2465273823125208
24,129,0.2465273823125208
24,130,0.2465273823125208
24,131,0.2465273823125208
24,132,0.2465273823125208
24,133,0.2466562994928057
24,134,0.24681613898416482
24,135,0.24686219693305433
24,136,0.24686219693305433
24,137,0.2471544699180712
24,138,0.2471544699180712
24,139,0.2471544699180712
24,140,0.2471544699180712
24,141,0.2471544699180712
24,142,0.2471544699180712
24,143,0.2471544699180712
24,144,0.2471544699180712
24,145,0.2471544699180712
24,146,0.24728036652497354
24,147,0.24728036652497354
24,148,0.24766389688986284
24,149,0.24766389688986284
24,150,0.24766389688986284
24,151,0.24766389688986284
24,152,0.24766389688986284
24,153,0.24766389688986284
24,154,0.24766389688986284
24,155,0.24766389688986284
24,156,0.24766389688986284
24,157,0.24766389688986284
24,158,0.24766389688986284
24,159,0.24766389688986284
24,160,0.24766389688986284
24,161,0.24766389688986284
24,162,0.24766389688986284
24,163,0.24766389688986284
24,164,0.24766389688986284
24,165,0.24766389688986284
24,166,0.24766389688986284
24,167,0.24766389688986284
24,168,0.24766389688986284
24,169,0.24769118027799272
24,170,0.24769118027799272
24,171,0.24769118027799272
24,172,0.24769118027799272
24,173,0.24769118027799272
24,174,0.24769118027799272
24,175,0.24769118027799272
24,176,0.24769118027799272
24,177,0.24771438684718727
24,178,0.24771438684718727
24,179,0.24771438684718727
24,180,0.2477702262881669
24,181,0.2477702262881669
24,182,0.2477702262881669
24,183,0.24777625889455512
24,184,0.24777625889455512
24,185,0.24784015938267911
24,186,0.24784015938267911
24,187,0.24784015938267911
24,188,0.24784015938267911
24,189,0.24784015938267911
24,190,0.24784015938267911
24,191,0.24784659298147152
24,192,0.24784659298147152
24,193,0.24784659298147152
24,194,0.24790171774548278
24,195,0.24790171774548278
24,196,0.2479473447040887
24,197,0.2479473447040887
24,198,0.24796228850028895
24,199,0.24796228850028895
24,200,0.24796228850028895
25,1,0.17047275339776363
25,2,0.17047275339776363
25,3,0.179412431520216
25,4,0.19357763085169546
25,5,0.19745773103157793
25,6,0.19745773103157793
25,7,0.19745773103157793
25,8,0.19745773103157793
25,9,0.21240491037994227
25,10,0.21240491037994227
25,11,0.21240491037994227
25,12,0.21240491037994227
25,13,0.21773879183061162
25,14,0.21773879183061162
25,15,0.21773879183061162
25,16,0.21773879183061162
25,17,0.21773879183061162
25,18,0.21882632038890087
25,19,0.21882632038890087
25,20,0.21882632038890087
25,21,0.21882632038890087
25,22,0.22622735014337145
25,23,0.22622735014337145
25,24,0.22622735014337145
25,25,0.22622735014337145
25,26,0.22649782821373837
25,27,0.22649782821373837
25,28,0.22649782821373837
25,29,0.22649782821373837
25,30,0.23207236444793425
25,31,0.23207236444793425
25,32,0.23207236444793425
25,33,0.23207236444793425
25,34,0.23207236444793425
25,35,0.23207236444793425
25,36,0.23207236444793425
25,37,0.23207236444793425
25,38,0.2327137218865674
25,39,0.23472735141554002
25,40,0.23472735141554002
25,41,0.23472735141554002
25,42,0.23538721571966928
25,43,0.2399930380472847
25,44,0.2399930380472847
25,45,0.2399930380472847
25,46,0.2399930380472847
25,47,0.2399930380472847
25,48,0.24419004478715162
25,49,0.24419004478715162
25,50,0.24641385570866095
26,1,0.16794764052270464
26,2,0.18350425858846395
26,3,0.1847510244682299
26,4,0.19526987339977844
26,5,0.19526987339977844
26,6,0.19526987339977844
26,7,0.19526987339977844
26,8,0.19526987339977844
26,9,0.1960589380077141
26,10,0.20655278779312805
26,11,0.20843686288038596
26,12,0.20843686288038596
26,13,0.20843686288038596
26,14,0.20843686288038596
26,15,0.2127368809439067
26,16,0.2127368809439067
26,17,0.2226582202894013
26,18,0.2226582202894013
26,19,0.2226582202894013
26,20,0.22945883195999348
26,21,0.22945883195999348
26,22,0.22945883195999348
26,23,0.22945883195999348
26,24,0.22945883195999348
26,25,0.22945883195999348
26,26,0.2302897398940679
26,27,0.2302897398940679
26,28,0.23482057100827447
26,29,0.23668508250241635
26,30,0.23908960417109745
26,31,0.23908960417109745
26,32,0.23908960417109745
26,33,0.23908960417109745
26,34,0.23908960417109745
26,35,0.23908960417109745
26,36,0.2397766206246245
26,37,0.24220793094763868
26,38,0.2426333498680844
26,39,0.2426333498680844
26,40,0.2426333498680844
26,41,0.2426333498680844
26,42,0.2426333498680844
26,43,0.2426333498680844
26,44,0.2426333498680844
26,45,0.2426333498680844
26,46,0.24376641231326776
26,47,0.24412018819176037
26,48,0.24412018819176037
26,49,0.24412018819176037
26,50,0.24471729652827828
26,51,0.24490038655161034
26,52,0.24593411636693907
26,53,0.24593411636693907
26,54,0.24593411636693907
26,55,0.24593411636693907
26,56,0.2461151692663446
26,57,0.24614838247185758
26,58,0.24614838247185758
26,59,0.2469173806183915
26,60,0.2469173806183915
26,61,0.2469173806183915
26,62,0.2469173806183915
26,63,0.2469173806183915
26,64,0.24755235435451967
26,65,0.24755235435451967
26,66,0.2477084425140047
26,67,0.2477084425140047
26,68,0.2477084425140047
26,69,0.2477345722100069
26,70,0.2477345722100069
26,71,0.2477345722100069
26,72,0.24780693680784546
26,73,0.24780693680784546
26,74,0.24796992069705026
26,75,0.24800332461626415
26,76,0.2480319897256908
26,77,0.2480319897256908
26,78,0.2480319897256908
26,79,0.2482119297736074
26,80,0.2482119297736074
26,81,0.2482119297736074
26,82,0.2482119297736074
26,83,0.24844898537764018
26,84,0.2484537431966943
26,85,0.2484537431966943
26,86,0.2484537431966943
26,87,0.2484537431966943
26,88,0.24856837475378737
26,89,0.24862034158013038
26,90,0.24862034158013038
26,91,0.24862034158013038
26,92,0.24862034158013038
26,93,0.24862034158013038
26,94,0.24873088262540505
26,95,0.24873088262540505
26,96,0.24873088262540505
26,97,0.2487370468465653
26,98,0.2487370468465653
26,99,0.24880439943389332
26,100,0.2488259291454136
27,1,0.16386190952228144
27,2,0.18210348591671682
27,3,0.18210348591671682
27,4,0.18210348591671682
27,5,0.200915289720794
27,6,0.200915289720794
27,7,0.20519820884382786
27,8,0.20519820884382786
27,9,0.20851197939013677
27,10,0.21056474909016654
27,11,0.21056474909016654
27,12,0.21056474909016654
27,13,0.21056474909016654
27,14,0.21158473165534886
27,15,0.21216243506223031
27,16,0.21357036839935958
27,17,0.21880943951829004
27,18,0.23625694138024014
27,19,0.23625694138024014
27,20,0.23625694138024014
27,21,0.23625694138024014
27,22,0.23625694138024014
27,23,0.23625694138024014
27,24,0.23625694138024014
27,25,0.23625694138024014
27,26,0.23625694138024014
27,27,0.23878887160692314
27,28,0.23878887160692314
27,29,0.23878887160692314
27,30,0.23878887160692314
27,31,0.2432080822800701
27,32,0.2432080822800701
27,33,0.2432080822800701
27,34,0.2432080822800701
27,35,0.2432080822800701
27,36,0.2432080822800701
27,37,0.2432080822800701
27,38,0.2432080822800701
27,39,0.2432080822800701
27,40,0.2432080822800701
27,41,0.2437848433552817
27,42,0.2469420396547025
27,43,0.2469420396547025
27,44,0.2469420396547025
27,45,0.2469420396547025
27,46,0.2469420396547025
27,47,0.2469420396547025
27,48,0.2469420396547025
27,49,0.2469420396547025
27,50,0.2469420396547025
27,51,0.24696144018832375
27,52,0.24696144018832375
27,53,0.24696144018832375
27,54,0.24696144018832375
27,55,0.24732668875098665
27,56,0.24732668875098665
27,57,0.24788624608692067
27,58,0.24788624608692067
27,59,0.24788624608692067
27,60,0.24876794950220057
27,61,0.24876794950220057
27,62,0.24876794950220057
27,63,0.24876794950220057
27,64,0.24876794950220057
27,65,0.24876794950220057
27,66,0.24876794950220057
27,67,0.24876794950220057
27,68,0.24876794950220057
27,69,0.24876794950220057
27,70,0.24876794950220057
27,71,0.24876794950220057
27,72,0.24876794950220057
27,73,0.24876794950220057
27,74,0.24876794950220057
27,75,0.24876794950220057
27,76,0.24876794950220057
27,77,0.24876794950220057
27,78,0.24876794950220057
27,79,0.24889200918342155
27,80,0.2489044445547448
27,81,0.2489044445547448
27,82,0.24895009560337192
27,83,0.24895009560337192
27,84,0.24895009560337192
27,85,0.24895009560337192
27,86,0.2490581334024415
27,87,0.2490581334024415
27,88,0.24908413895015005
27,89,0.24908836620266858
27,90,0.24908836620266858
27,91,0.24908836620266858
27,92,0.24908836620266858
27,93,0.24908836620266858
27,94,0.24908836620266858
27,95,0.24908836620266858
27,96,0.24908836620266858
27,97,0.24908836620266858
27,98,0.24908836620266858
27,99,0.24908836620266858
27,100,0.24913395388926737
27,101,0.2491382309744385
27,102,0.2491382309744385
27,103,0.2491382309744385
27,104,0.2491382309744385
27,105,0.2491382309744385
27,106,0.2491382309744385
27,107,0.2491382309744385
27,108,0.2491382309744385
27,109,0.2491382309744385
27,110,0.24913831110789644
27,111,0.24913831110789644
27,112,0.24916510169865355
27,113,0.24916510169865355
27,114,0.24917706819010302
27,115,0.24917706819010302
27,116,0.2491853088066359
27,117,0.2491853088066359
27,118,0.2491853088066359
27,119,0.2491853088066359
27,120,0.24919142303557454
27,121,0.24919211837820338
27,122,0.24920731889216377
27,123,0.24921631662059554
27,124,0.24921683004963532
27,125,0.24922520309177254
27,126,0.24924835996235045
27,127,0.24924835996235045
27,128,0.24924835996235045
27,129,0.24925237631437927
27,130,0.24926803678844864
27,131,0.24926803678844864
27,132,0.24926803678844864
27,133,0.24926803678844864
27,134,0.24926803678844864
27,135,0.2492704083972209
27,136,0.24927064977721408
27,137,0.24927778094811978
27,138,0.24927852677887463
27,139,0.24927852677887463
27,140,0.24927852677887463
27,141,0.24928146081299488
27,142,0.24928146081299488
27,143,0.24928146081299488
27,144,0.2492828371361949
27,145,0.24928542557039388
27,146,0.24928542557039388
27,147,0.24928542557039388
27,148,0.249285550314057
27,149,0.249285550314057
27,150,0.24928889053862735
27,151,0.2492908650487173
27,152,0.2492908650487173
27,153,0.24929278806950797
27,154,0.24929278806950797
27,155,0.24929278806950797
27,156,0.24929278806950797
27,157,0.24929278806950797
27,158,0.24929733065747658
27,159,0.24929733065747658
27,160,0.24929733065747658
27,161,0.24929825667710837
27,162,0.24929825667710837
27,163,0.24929991067153526
27,164,0.24929991067153526
27,165,0.24929992691799194
27,166,0.2493000209878569
27,167,0.2493003884303611
27,168,0.2493003884303611
27,169,0.2493003884303611
27,170,0.2493017504486516
27,171,0.2493017504486516
27,172,0.2493017504486516
27,173,0.2493017504486516
27,174,0.2493017504486516
27,175,0.24930209793965924
27,176,0.24930209793965924
27,177,0.24930214649228827
27,178,0.24930219821382835
27,179,0.2493025348609028
27,180,0.24930295089925575
27,181,0.24930295089925575
27,182,0.24930295089925575
27,183,0.24930295089925575
27,184,0.24930312346774522
27,185,0.24930323669517554
27,186,0.2493032772005755
27,187,0.24930356990815036
27,188,0.2493036762737956
27,189,0.24930377059628683
27,190,0.24930383867808548
27,191,0.24930432404748892
27,192,0.24930432404748892
27,193,0.24930438647280637
27,194,0.24930438647280637
27,195,0.24930458701826722
27,196,0.24930467150959917
27,197,0.24930467150959917
27,198,0.2493046847167146
27,199,0.2493048280629856
27,200,0.24930488358041497
